pango_lineage	gene	aa_subst
B.1	ORF1b	P314L
B.1	S	D614G
B.1	ORF8	S84L
B.1.1.7	ORF1a	T1001I
B.1.1.7	ORF1a	A1708D
B.1.1.7	ORF1a	I2230T
B.1.1.7	ORF1a	del3675/3677
B.1.1.7	ORF1b	P314L
B.1.1.7	S	del69/70
B.1.1.7	S	del144/144
B.1.1.7	S	N501Y
B.1.1.7	S	A570D
B.1.1.7	S	D614G
B.1.1.7	S	P681H
B.1.1.7	S	T716I
B.1.1.7	S	S982A
B.1.1.7	S	D1118H
B.1.1.7	ORF8	Q27*
B.1.1.7	ORF8	R52I
B.1.1.7	ORF8	Y73C
B.1.1.7	ORF8	S84L
B.1.1.7	N	D3L
B.1.1.7	N	R203K
B.1.1.7	N	G204R
B.1.1.7	N	S235F
B.1.351	ORF1a	T265I
B.1.351	ORF1a	K1655N
B.1.351	ORF1a	K3353R
B.1.351	ORF1a	del3675/3677
B.1.351	ORF1b	P314L
B.1.351	S	D80A
B.1.351	S	D215G
B.1.351	S	K417N
B.1.351	S	E484K
B.1.351	S	N501Y
B.1.351	S	D614G
B.1.351	S	A701V
B.1.351	ORF3a	Q57H
B.1.351	ORF3a	S171L
B.1.351	E	P71L
B.1.351	ORF8	S84L
B.1.351	N	T205I
B.1.617.2	ORF1a	A1306S
B.1.617.2	ORF1a	P2046L
B.1.617.2	ORF1a	P2287S
B.1.617.2	ORF1a	V2930L
B.1.617.2	ORF1a	T3255I
B.1.617.2	ORF1a	T3646A
B.1.617.2	ORF1b	P314L
B.1.617.2	ORF1b	G662S
B.1.617.2	ORF1b	P1000L
B.1.617.2	ORF1b	A1918V
B.1.617.2	S	T19R
B.1.617.2	S	G142D
B.1.617.2	S	E156G
B.1.617.2	S	del157/158
B.1.617.2	S	L452R
B.1.617.2	S	T478K
B.1.617.2	S	D614G
B.1.617.2	S	P681R
B.1.617.2	S	D950N
B.1.617.2	ORF3a	S26L
B.1.617.2	M	I82T
B.1.617.2	ORF7a	V82A
B.1.617.2	ORF7a	T120I
B.1.617.2	ORF7b	T40I
B.1.617.2	ORF8	S84L
B.1.617.2	ORF8	del119/120
B.1.617.2	N	D63G
B.1.617.2	N	R203M
B.1.617.2	N	G215C
B.1.617.2	N	D377Y
B.1.1.529	ORF1a	K856R
B.1.1.529	ORF1a	S2083I
B.1.1.529	ORF1a	del2084/2084
B.1.1.529	ORF1a	A2710T
B.1.1.529	ORF1a	T3255I
B.1.1.529	ORF1a	P3395H
B.1.1.529	ORF1a	del3674/3676
B.1.1.529	ORF1a	I3758V
B.1.1.529	ORF1b	P314L
B.1.1.529	ORF1b	I1566V
B.1.1.529	S	A67V
B.1.1.529	S	del69/70
B.1.1.529	S	T95I
B.1.1.529	S	G142D
B.1.1.529	S	del143/145
B.1.1.529	S	N211I
B.1.1.529	S	del212/212
B.1.1.529	S	G339D
B.1.1.529	S	S371L
B.1.1.529	S	S373P
B.1.1.529	S	S375F
B.1.1.529	S	S477N
B.1.1.529	S	T478K
B.1.1.529	S	E484A
B.1.1.529	S	Q493R
B.1.1.529	S	G496S
B.1.1.529	S	Q498R
B.1.1.529	S	N501Y
B.1.1.529	S	Y505H
B.1.1.529	S	T547K
B.1.1.529	S	D614G
B.1.1.529	S	H655Y
B.1.1.529	S	N679K
B.1.1.529	S	P681H
B.1.1.529	S	N764K
B.1.1.529	S	D796Y
B.1.1.529	S	N856K
B.1.1.529	S	Q954H
B.1.1.529	S	N969K
B.1.1.529	S	L981F
B.1.1.529	E	T9I
B.1.1.529	M	D3G
B.1.1.529	M	Q19E
B.1.1.529	M	A63T
B.1.1.529	ORF8	S84L
B.1.1.529	N	P13L
B.1.1.529	N	del31/33
B.1.1.529	N	R203K
B.1.1.529	N	G204R
